,year,months,State,numb_killed
0,13,Apr,Arizona,2
1,13,Apr,California,1
2,13,Apr,Florida,1
3,13,Apr,Illinois,6
4,13,Apr,Kentucky,1
5,13,Apr,Louisiana,0
6,13,Apr,New York,1
7,13,Apr,North Carolina,0
8,13,Apr,Ohio,4
9,13,Apr,Pennsylvania,2
10,13,Apr,South Carolina,1
11,13,Apr,Tennessee,2
12,13,Apr,Washington,5
13,13,Aug,California,3
14,13,Aug,Delaware,0
15,13,Aug,Florida,4
16,13,Aug,Illinois,2
17,13,Aug,Indiana,0
18,13,Aug,Maryland,2
19,13,Aug,Michigan,0
20,13,Aug,Minnesota,2
21,13,Aug,Missouri,3
22,13,Aug,New Jersey,2
23,13,Aug,New York,0
24,13,Aug,Ohio,0
25,13,Aug,Oklahoma,4
26,13,Aug,Pennsylvania,3
27,13,Aug,South Carolina,2
28,13,Aug,Texas,4
29,13,Aug,Virginia,1
30,13,Dec,Alabama,3
31,13,Dec,Delaware,0
32,13,Dec,Florida,3
33,13,Dec,Kansas,4
34,13,Dec,Louisiana,5
35,13,Dec,Michigan,1
36,13,Dec,New Jersey,4
37,13,Dec,New York,1
38,13,Dec,North Carolina,0
39,13,Dec,Texas,0
40,13,Feb,California,6
41,13,Feb,Delaware,3
42,13,Feb,Georgia,0
43,13,Feb,Illinois,0
44,13,Feb,Louisiana,0
45,13,Feb,Michigan,0
46,13,Feb,Oklahoma,1
47,13,Feb,Tennessee,0
48,13,Feb,Utah,4
49,13,Jan,California,1
50,13,Jan,District of Columbia,0
51,13,Jan,Louisiana,2
52,13,Jan,Maryland,1
53,13,Jan,Missouri,1
54,13,Jan,New Mexico,5
55,13,Jan,Ohio,1
56,13,Jan,Oklahoma,4
57,13,Jan,Pennsylvania,0
58,13,Jan,Tennessee,1
59,13,Jul,Alabama,0
60,13,Jul,California,3
61,13,Jul,Connecticut,0
62,13,Jul,District of Columbia,0
63,13,Jul,Florida,8
64,13,Jul,Illinois,2
65,13,Jul,Kansas,1
66,13,Jul,Kentucky,2
67,13,Jul,Maryland,0
68,13,Jul,Michigan,1
69,13,Jul,Mississippi,0
70,13,Jul,New Jersey,1
71,13,Jul,New Mexico,0
72,13,Jul,New York,1
73,13,Jul,North Carolina,2
74,13,Jul,Ohio,0
75,13,Jul,Oklahoma,1
76,13,Jul,Texas,4
77,13,Jul,Washington,0
78,13,Jul,West Virginia,4
79,13,Jun,California,11
80,13,Jun,Colorado,0
81,13,Jun,Georgia,0
82,13,Jun,Illinois,4
83,13,Jun,Indiana,0
84,13,Jun,Louisiana,0
85,13,Jun,Maryland,1
86,13,Jun,Missouri,2
87,13,Jun,New York,0
88,13,Jun,North Carolina,0
89,13,Jun,Pennsylvania,0
90,13,Jun,Rhode Island,1
91,13,Jun,South Carolina,3
92,13,Jun,Tennessee,1
93,13,Jun,Texas,1
94,13,Jun,Virginia,1
95,13,Jun,Wisconsin,0
96,13,Mar,California,8
97,13,Mar,District of Columbia,0
98,13,Mar,Florida,0
99,13,Mar,Georgia,2
100,13,Mar,Illinois,0
101,13,Mar,Indiana,1
102,13,Mar,Louisiana,1
103,13,Mar,Michigan,0
104,13,Mar,Mississippi,2
105,13,Mar,Missouri,1
106,13,Mar,New York,7
107,13,Mar,Washington,3
108,13,May,Arizona,0
109,13,May,California,5
110,13,May,Georgia,0
111,13,May,Illinois,0
112,13,May,Indiana,5
113,13,May,Louisiana,0
114,13,May,Michigan,2
115,13,May,New Jersey,0
116,13,May,North Carolina,0
117,13,May,Ohio,0
118,13,May,Pennsylvania,0
119,13,May,Tennessee,5
120,13,May,Virginia,1
121,13,Nov,Arizona,1
122,13,Nov,California,1
123,13,Nov,District of Columbia,0
124,13,Nov,Florida,4
125,13,Nov,Georgia,0
126,13,Nov,Indiana,0
127,13,Nov,Kentucky,1
128,13,Nov,Michigan,3
129,13,Nov,Minnesota,1
130,13,Nov,New York,4
131,13,Nov,Ohio,1
132,13,Nov,Oklahoma,4
133,13,Nov,Pennsylvania,0
134,13,Nov,Texas,6
135,13,Oct,Arizona,0
136,13,Oct,California,2
137,13,Oct,Connecticut,1
138,13,Oct,Florida,2
139,13,Oct,Nebraska,0
140,13,Oct,New York,0
141,13,Oct,North Carolina,1
142,13,Oct,Oklahoma,0
143,13,Oct,Pennsylvania,3
144,13,Oct,South Carolina,5
145,13,Oct,Texas,4
146,13,Sep,California,4
147,13,Sep,Colorado,0
148,13,Sep,Connecticut,1
149,13,Sep,District of Columbia,12
150,13,Sep,Florida,0
151,13,Sep,Georgia,3
152,13,Sep,Illinois,0
153,13,Sep,Indiana,2
154,13,Sep,Kansas,1
155,13,Sep,Michigan,2
156,13,Sep,Missouri,2
157,13,Sep,Nevada,0
158,13,Sep,New York,0
159,13,Sep,North Carolina,0
160,13,Sep,Ohio,0
161,13,Sep,Tennessee,5
162,13,Sep,Texas,5
163,13,Sep,Washington,0
164,13,Sep,West Virginia,0
165,14,Apr,Arizona,1
166,14,Apr,California,1
167,14,Apr,District of Columbia,0
168,14,Apr,Florida,2
169,14,Apr,Georgia,1
170,14,Apr,Illinois,1
171,14,Apr,Indiana,0
172,14,Apr,Louisiana,1
173,14,Apr,Massachusetts,0
174,14,Apr,New York,0
175,14,Apr,Oklahoma,0
176,14,Apr,Tennessee,5
177,14,Apr,Texas,4
178,14,Aug,California,7
179,14,Aug,District of Columbia,0
180,14,Aug,Florida,3
181,14,Aug,Georgia,3
182,14,Aug,Illinois,1
183,14,Aug,Louisiana,2
184,14,Aug,Massachusetts,0
185,14,Aug,Michigan,1
186,14,Aug,Minnesota,1
187,14,Aug,Missouri,0
188,14,Aug,Nevada,0
189,14,Aug,New Jersey,1
190,14,Aug,New Mexico,1
191,14,Aug,New York,1
192,14,Aug,Pennsylvania,2
193,14,Aug,Tennessee,1
194,14,Aug,Texas,3
195,14,Aug,Utah,0
196,14,Aug,Virginia,5
197,14,Aug,Wisconsin,0
198,14,Dec,California,1
199,14,Dec,Florida,3
200,14,Dec,Illinois,6
201,14,Dec,Indiana,0
202,14,Dec,Kentucky,1
203,14,Dec,Louisiana,0
204,14,Dec,Michigan,1
205,14,Dec,Mississippi,1
206,14,Dec,Missouri,2
207,14,Dec,New Jersey,0
208,14,Dec,New York,4
209,14,Dec,Oregon,0
210,14,Dec,Pennsylvania,7
211,14,Dec,Virginia,0
212,14,Feb,California,6
213,14,Feb,Florida,2
214,14,Feb,Illinois,1
215,14,Feb,Indiana,7
216,14,Feb,Louisiana,0
217,14,Feb,Nevada,0
218,14,Feb,Texas,2
219,14,Feb,Virginia,5
220,14,Jan,Alabama,0
221,14,Jan,California,0
222,14,Jan,Florida,0
223,14,Jan,Illinois,1
224,14,Jan,Louisiana,0
225,14,Jan,Michigan,0
226,14,Jan,New Jersey,2
227,14,Jan,New York,1
228,14,Jan,North Carolina,0
229,14,Jan,Oklahoma,2
230,14,Jan,Utah,5
231,14,Jan,Virginia,2
232,14,Jan,Washington,1
233,14,Jul,Arkansas,1
234,14,Jul,California,5
235,14,Jul,Connecticut,0
236,14,Jul,District of Columbia,0
237,14,Jul,Florida,2
238,14,Jul,Georgia,0
239,14,Jul,Illinois,3
240,14,Jul,Indiana,0
241,14,Jul,Kentucky,0
242,14,Jul,Maine,5
243,14,Jul,Missouri,0
244,14,Jul,Nevada,1
245,14,Jul,New Jersey,0
246,14,Jul,New York,0
247,14,Jul,North Carolina,3
248,14,Jul,Oregon,1
249,14,Jul,Pennsylvania,1
250,14,Jul,Rhode Island,0
251,14,Jul,Tennessee,0
252,14,Jul,Texas,6
253,14,Jul,Virginia,0
254,14,Jul,Washington,0
255,14,Jun,Alabama,1
256,14,Jun,California,6
257,14,Jun,District of Columbia,0
258,14,Jun,Florida,2
259,14,Jun,Georgia,1
260,14,Jun,Illinois,2
261,14,Jun,Indiana,0
262,14,Jun,Kentucky,1
263,14,Jun,Louisiana,1
264,14,Jun,Maryland,0
265,14,Jun,Massachusetts,0
266,14,Jun,Michigan,3
267,14,Jun,Missouri,0
268,14,Jun,New Jersey,0
269,14,Jun,New York,0
270,14,Jun,South Carolina,1
271,14,Jun,Tennessee,0
272,14,Jun,Wisconsin,0
273,14,Mar,California,2
274,14,Mar,Georgia,0
275,14,Mar,Illinois,0
276,14,Mar,Michigan,0
277,14,Mar,Mississippi,0
278,14,Mar,New York,0
279,14,Mar,North Carolina,0
280,14,Mar,Ohio,3
281,14,Mar,Pennsylvania,1
282,14,Mar,South Carolina,3
283,14,Mar,Texas,4
284,14,May,Arkansas,4
285,14,May,California,10
286,14,May,Colorado,0
287,14,May,District of Columbia,0
288,14,May,Georgia,3
289,14,May,Illinois,1
290,14,May,Louisiana,1
291,14,May,Michigan,0
292,14,May,Ohio,1
293,14,May,South Carolina,3
294,14,May,Tennessee,0
295,14,May,Texas,1
296,14,Nov,California,0
297,14,Nov,Colorado,1
298,14,Nov,Florida,1
299,14,Nov,Georgia,3
300,14,Nov,Illinois,1
301,14,Nov,Missouri,4
302,14,Nov,Nevada,0
303,14,Nov,New Jersey,1
304,14,Nov,New York,0
305,14,Nov,Ohio,6
306,14,Nov,Pennsylvania,0
307,14,Nov,South Dakota,4
308,14,Nov,Tennessee,0
309,14,Nov,Texas,2
310,14,Nov,Virginia,0
311,14,Oct,California,5
312,14,Oct,Florida,3
313,14,Oct,Georgia,4
314,14,Oct,Kentucky,4
315,14,Oct,Michigan,2
316,14,Oct,New York,4
317,14,Oct,South Carolina,1
318,14,Oct,Tennessee,2
319,14,Oct,Washington,5
320,14,Sep,Alaska,0
321,14,Sep,California,0
322,14,Sep,Florida,8
323,14,Sep,Georgia,0
324,14,Sep,Louisiana,0
325,14,Sep,Michigan,1
326,14,Sep,Mississippi,4
327,14,Sep,Missouri,0
328,14,Sep,New York,0
329,14,Sep,Ohio,0
330,14,Sep,Pennsylvania,0
331,14,Sep,South Carolina,2
332,14,Sep,Texas,3
333,15,Apr,Alabama,0
334,15,Apr,Arizona,7
335,15,Apr,Florida,0
336,15,Apr,Georgia,1
337,15,Apr,Indiana,0
338,15,Apr,Kentucky,1
339,15,Apr,Maryland,0
340,15,Apr,Michigan,0
341,15,Apr,New Jersey,1
342,15,Apr,New York,3
343,15,Apr,North Carolina,1
344,15,Apr,Pennsylvania,1
345,15,Apr,Texas,2
346,15,Apr,Virginia,0
347,15,Aug,Arkansas,1
348,15,Aug,California,3
349,15,Aug,Florida,2
350,15,Aug,Georgia,0
351,15,Aug,Illinois,3
352,15,Aug,Louisiana,1
353,15,Aug,Maryland,0
354,15,Aug,Michigan,1
355,15,Aug,Minnesota,0
356,15,Aug,Mississippi,1
357,15,Aug,Missouri,1
358,15,Aug,New Mexico,3
359,15,Aug,New York,4
360,15,Aug,North Carolina,2
361,15,Aug,Ohio,2
362,15,Aug,Pennsylvania,1
363,15,Aug,South Carolina,1
364,15,Aug,Tennessee,4
365,15,Aug,Texas,11
366,15,Aug,Vermont,4
367,15,Dec,Alabama,0
368,15,Dec,California,17
369,15,Dec,Florida,1
370,15,Dec,Georgia,1
371,15,Dec,Illinois,1
372,15,Dec,Louisiana,1
373,15,Dec,Maryland,1
374,15,Dec,Nebraska,2
375,15,Dec,North Carolina,1
376,15,Dec,Ohio,1
377,15,Dec,Pennsylvania,0
378,15,Dec,Tennessee,0
379,15,Feb,Arkansas,1
380,15,Feb,California,0
381,15,Feb,Florida,3
382,15,Feb,Georgia,8
383,15,Feb,Maryland,1
384,15,Feb,Missouri,8
385,15,Feb,New York,1
386,15,Feb,Ohio,3
387,15,Feb,Oklahoma,1
388,15,Feb,South Carolina,0
389,15,Feb,Tennessee,0
390,15,Feb,Texas,7
391,15,Jan,California,5
392,15,Jan,Florida,2
393,15,Jan,Georgia,6
394,15,Jan,Illinois,2
395,15,Jan,Kansas,2
396,15,Jan,Massachusetts,1
397,15,Jan,Nebraska,3
398,15,Jan,New York,4
399,15,Jan,North Carolina,2
400,15,Jan,Tennessee,2
401,15,Jan,Texas,5
402,15,Jan,Virginia,2
403,15,Jul,California,1
404,15,Jul,District of Columbia,1
405,15,Jul,Florida,1
406,15,Jul,Georgia,5
407,15,Jul,Illinois,2
408,15,Jul,Indiana,1
409,15,Jul,Kentucky,0
410,15,Jul,Louisiana,5
411,15,Jul,Maryland,4
412,15,Jul,Massachusetts,1
413,15,Jul,Michigan,0
414,15,Jul,Missouri,2
415,15,Jul,New Jersey,1
416,15,Jul,New York,0
417,15,Jul,North Carolina,0
418,15,Jul,Ohio,1
419,15,Jul,Oregon,1
420,15,Jul,Pennsylvania,2
421,15,Jul,South Carolina,4
422,15,Jul,Tennessee,6
423,15,Jul,Texas,0
424,15,Jul,Virginia,0
425,15,Jun,California,1
426,15,Jun,Connecticut,1
427,15,Jun,Delaware,0
428,15,Jun,Florida,0
429,15,Jun,Georgia,2
430,15,Jun,Illinois,0
431,15,Jun,Iowa,0
432,15,Jun,Kentucky,1
433,15,Jun,Louisiana,1
434,15,Jun,Massachusetts,1
435,15,Jun,Michigan,1
436,15,Jun,Missouri,1
437,15,Jun,Montana,5
438,15,Jun,New Jersey,1
439,15,Jun,New York,4
440,15,Jun,North Carolina,0
441,15,Jun,Ohio,4
442,15,Jun,Oklahoma,0
443,15,Jun,Pennsylvania,0
444,15,Jun,Rhode Island,0
445,15,Jun,South Carolina,9
446,15,Jun,Texas,1
447,15,Mar,Arizona,1
448,15,Mar,California,6
449,15,Mar,Florida,0
450,15,Mar,Georgia,0
451,15,Mar,Illinois,1
452,15,Mar,Indiana,4
453,15,Mar,Michigan,1
454,15,Mar,Mississippi,2
455,15,Mar,Missouri,0
456,15,Mar,New Jersey,1
457,15,Mar,New Mexico,1
458,15,Mar,Oklahoma,0
459,15,Mar,South Carolina,1
460,15,Mar,Tennessee,1
461,15,Mar,Texas,1
462,15,May,Alabama,1
463,15,May,Arizona,5
464,15,May,California,2
465,15,May,Connecticut,0
466,15,May,Florida,1
467,15,May,Georgia,3
468,15,May,Illinois,1
469,15,May,Indiana,0
470,15,May,Louisiana,2
471,15,May,Maryland,3
472,15,May,Massachusetts,0
473,15,May,Michigan,0
474,15,May,Missouri,0
475,15,May,Nebraska,0
476,15,May,New Jersey,1
477,15,May,New York,1
478,15,May,Ohio,5
479,15,May,Pennsylvania,1
480,15,May,Texas,9
481,15,May,Wisconsin,6
482,15,Nov,Alabama,3
483,15,Nov,California,2
484,15,Nov,Colorado,4
485,15,Nov,Florida,6
486,15,Nov,Illinois,0
487,15,Nov,Indiana,2
488,15,Nov,Iowa,1
489,15,Nov,Louisiana,0
490,15,Nov,Maryland,1
491,15,Nov,Michigan,0
492,15,Nov,Minnesota,0
493,15,Nov,New York,0
494,15,Nov,Ohio,4
495,15,Nov,Pennsylvania,1
496,15,Nov,South Carolina,5
497,15,Nov,Texas,5
498,15,Nov,Washington,0
499,15,Oct,Arizona,2
500,15,Oct,District of Columbia,0
501,15,Oct,Florida,1
502,15,Oct,Georgia,0
503,15,Oct,Illinois,1
504,15,Oct,Indiana,0
505,15,Oct,Louisiana,1
506,15,Oct,Maryland,1
507,15,Oct,North Carolina,0
508,15,Oct,Oregon,10
509,15,Oct,South Carolina,0
510,15,Oct,Tennessee,1
511,15,Oct,Texas,0
512,15,Sep,Colorado,0
513,15,Sep,Florida,1
514,15,Sep,Georgia,1
515,15,Sep,Illinois,6
516,15,Sep,Indiana,3
517,15,Sep,Louisiana,0
518,15,Sep,Michigan,0
519,15,Sep,Minnesota,6
520,15,Sep,Missouri,0
521,15,Sep,Nevada,1
522,15,Sep,New Jersey,0
523,15,Sep,New York,2
524,15,Sep,North Carolina,1
525,15,Sep,Ohio,0
526,15,Sep,Oklahoma,0
527,15,Sep,Pennsylvania,1
528,15,Sep,South Dakota,6
529,16,Apr,Alabama,4
530,16,Apr,California,1
531,16,Apr,Colorado,0
532,16,Apr,Florida,2
533,16,Apr,Georgia,6
534,16,Apr,Illinois,4
535,16,Apr,Kansas,1
536,16,Apr,Louisiana,2
537,16,Apr,Maryland,1
538,16,Apr,Michigan,1
539,16,Apr,Mississippi,3
540,16,Apr,Missouri,0
541,16,Apr,Nevada,1
542,16,Apr,New Mexico,0
543,16,Apr,New York,0
544,16,Apr,Ohio,8
545,16,Apr,Pennsylvania,3
546,16,Apr,South Carolina,1
547,16,Apr,Tennessee,0
548,16,Apr,Texas,1
549,16,Apr,Virginia,0
550,16,Apr,Wisconsin,1
551,16,Aug,Alabama,6
552,16,Aug,California,4
553,16,Aug,Colorado,2
554,16,Aug,Connecticut,0
555,16,Aug,Florida,3
556,16,Aug,Georgia,1
557,16,Aug,Illinois,0
558,16,Aug,Indiana,0
559,16,Aug,Massachusetts,0
560,16,Aug,Michigan,1
561,16,Aug,Minnesota,0
562,16,Aug,Mississippi,1
563,16,Aug,Missouri,2
564,16,Aug,New Jersey,1
565,16,Aug,New Mexico,2
566,16,Aug,New York,0
567,16,Aug,Pennsylvania,5
568,16,Aug,Tennessee,0
569,16,Aug,Texas,1
570,16,Aug,Virginia,0
571,16,Aug,Washington,0
572,16,Aug,Wisconsin,2
573,16,Dec,Alabama,1
574,16,Dec,California,2
575,16,Dec,Connecticut,2
576,16,Dec,Florida,1
577,16,Dec,Georgia,3
578,16,Dec,Illinois,10
579,16,Dec,Maryland,0
580,16,Dec,New Jersey,0
581,16,Dec,New Mexico,4
582,16,Dec,New York,1
583,16,Dec,North Carolina,4
584,16,Dec,Ohio,0
585,16,Dec,Texas,5
586,16,Feb,Alabama,1
587,16,Feb,Arizona,5
588,16,Feb,California,3
589,16,Feb,District of Columbia,0
590,16,Feb,Florida,5
591,16,Feb,Illinois,0
592,16,Feb,Kansas,4
593,16,Feb,Louisiana,0
594,16,Feb,Michigan,6
595,16,Feb,Mississippi,4
596,16,Feb,Missouri,5
597,16,Feb,New York,1
598,16,Feb,Texas,1
599,16,Feb,Virginia,2
600,16,Feb,Washington,5
601,16,Jan,Arizona,3
602,16,Jan,California,3
603,16,Jan,Delaware,1
604,16,Jan,District of Columbia,0
605,16,Jan,Florida,3
606,16,Jan,Illinois,1
607,16,Jan,Tennessee,1
608,16,Jan,Virginia,7
609,16,Jan,Washington,2
610,16,Jul,Arizona,2
611,16,Jul,Arkansas,0
612,16,Jul,California,1
613,16,Jul,District of Columbia,0
614,16,Jul,Florida,5
615,16,Jul,Georgia,0
616,16,Jul,Illinois,2
617,16,Jul,Louisiana,6
618,16,Jul,Maryland,0
619,16,Jul,Michigan,3
620,16,Jul,Missouri,2
621,16,Jul,New York,0
622,16,Jul,Ohio,4
623,16,Jul,Pennsylvania,0
624,16,Jul,South Carolina,0
625,16,Jul,Tennessee,1
626,16,Jul,Texas,17
627,16,Jul,Washington,6
628,16,Jun,Arizona,2
629,16,Jun,California,6
630,16,Jun,Colorado,3
631,16,Jun,Connecticut,0
632,16,Jun,Delaware,0
633,16,Jun,District of Columbia,0
634,16,Jun,Florida,53
635,16,Jun,Georgia,4
636,16,Jun,Illinois,1
637,16,Jun,Kansas,0
638,16,Jun,Kentucky,2
639,16,Jun,Maryland,3
640,16,Jun,Massachusetts,1
641,16,Jun,Minnesota,0
642,16,Jun,Nevada,5
643,16,Jun,New Jersey,0
644,16,Jun,New Mexico,5
645,16,Jun,New York,0
646,16,Jun,North Carolina,1
647,16,Jun,Oregon,3
648,16,Jun,South Carolina,0
649,16,Jun,Texas,3
650,16,Jun,Virginia,1
651,16,Jun,Washington,3
652,16,Mar,Alabama,2
653,16,Mar,California,1
654,16,Mar,Colorado,0
655,16,Mar,Florida,1
656,16,Mar,Georgia,0
657,16,Mar,Illinois,0
658,16,Mar,Kansas,5
659,16,Mar,Louisiana,0
660,16,Mar,Massachusetts,1
661,16,Mar,Michigan,2
662,16,Mar,New Jersey,0
663,16,Mar,Ohio,1
664,16,Mar,Oregon,0
665,16,Mar,Pennsylvania,5
666,16,Mar,Texas,2
667,16,May,Alabama,2
668,16,May,California,1
669,16,May,Florida,1
670,16,May,Georgia,6
671,16,May,Illinois,0
672,16,May,Indiana,0
673,16,May,Louisiana,2
674,16,May,Maryland,3
675,16,May,Michigan,1
676,16,May,Minnesota,1
677,16,May,Nevada,0
678,16,May,New Jersey,0
679,16,May,South Carolina,3
680,16,May,Tennessee,0
681,16,May,Texas,3
682,16,May,West Virginia,1
683,16,Nov,Arkansas,1
684,16,Nov,California,4
685,16,Nov,Connecticut,0
686,16,Nov,Florida,5
687,16,Nov,Illinois,4
688,16,Nov,Kentucky,2
689,16,Nov,Louisiana,1
690,16,Nov,Maryland,2
691,16,Nov,Mississippi,0
692,16,Nov,Missouri,1
693,16,Nov,New Jersey,2
694,16,Nov,New York,1
695,16,Nov,Pennsylvania,0
696,16,Nov,South Carolina,0
697,16,Nov,Tennessee,2
698,16,Nov,Texas,2
699,16,Nov,Washington,0
700,16,Oct,Alabama,0
701,16,Oct,California,5
702,16,Oct,Florida,0
703,16,Oct,Georgia,4
704,16,Oct,Illinois,7
705,16,Oct,Louisiana,3
706,16,Oct,Maryland,3
707,16,Oct,Michigan,1
708,16,Oct,Minnesota,0
709,16,Oct,Mississippi,0
710,16,Oct,New York,2
711,16,Oct,Ohio,2
712,16,Oct,Oklahoma,1
713,16,Oct,Texas,1
714,16,Oct,Virginia,2
715,16,Sep,Arkansas,1
716,16,Sep,California,3
717,16,Sep,District of Columbia,2
718,16,Sep,Florida,2
719,16,Sep,Illinois,3
720,16,Sep,Indiana,8
721,16,Sep,Louisiana,1
722,16,Sep,Maryland,0
723,16,Sep,Michigan,0
724,16,Sep,Missouri,0
725,16,Sep,New Jersey,1
726,16,Sep,North Carolina,1
727,16,Sep,Pennsylvania,2
728,16,Sep,Texas,6
729,16,Sep,Virginia,2
730,16,Sep,Washington,5
731,17,Apr,Alabama,0
732,17,Apr,California,4
733,17,Apr,Florida,3
734,17,Apr,Georgia,1
735,17,Apr,Illinois,3
736,17,Apr,Indiana,1
737,17,Apr,Iowa,0
738,17,Apr,Kansas,4
739,17,Apr,Kentucky,0
740,17,Apr,Louisiana,1
741,17,Apr,Maryland,1
742,17,Apr,Minnesota,4
743,17,Apr,New Jersey,1
744,17,Apr,North Carolina,3
745,17,Apr,Ohio,0
746,17,Apr,Oklahoma,2
747,17,Apr,Pennsylvania,3
748,17,Apr,South Carolina,1
749,17,Apr,Texas,6
750,17,Apr,Virginia,0
751,17,Aug,California,3
752,17,Aug,District of Columbia,1
753,17,Aug,Florida,1
754,17,Aug,Illinois,3
755,17,Aug,Indiana,1
756,17,Aug,Maryland,1
757,17,Aug,Missouri,5
758,17,Aug,Montana,3
759,17,Aug,New Jersey,1
760,17,Aug,New Mexico,2
761,17,Aug,New York,0
762,17,Aug,North Carolina,4
763,17,Aug,Ohio,1
764,17,Aug,Pennsylvania,0
765,17,Aug,South Carolina,1
766,17,Aug,Tennessee,0
767,17,Aug,Virginia,0
768,17,Aug,Washington,0
769,17,Dec,Alabama,1
770,17,Dec,California,0
771,17,Dec,Colorado,2
772,17,Dec,Florida,0
773,17,Dec,Illinois,0
774,17,Dec,Kentucky,0
775,17,Dec,Louisiana,1
776,17,Dec,Massachusetts,0
777,17,Dec,Michigan,0
778,17,Dec,Mississippi,0
779,17,Dec,Nevada,2
780,17,Dec,New Jersey,4
781,17,Dec,Ohio,1
782,17,Dec,Pennsylvania,3
783,17,Dec,Tennessee,1
784,17,Dec,Texas,0
785,17,Feb,Arkansas,1
786,17,Feb,California,0
787,17,Feb,Florida,1
788,17,Feb,Illinois,4
789,17,Feb,Indiana,2
790,17,Feb,Louisiana,1
791,17,Feb,Mississippi,12
792,17,Feb,Missouri,1
793,17,Feb,New York,1
794,17,Feb,Ohio,3
795,17,Feb,Pennsylvania,0
796,17,Feb,South Carolina,0
797,17,Feb,Tennessee,0
798,17,Feb,Virginia,1
799,17,Jan,California,7
800,17,Jan,Colorado,3
801,17,Jan,District of Columbia,0
802,17,Jan,Florida,5
803,17,Jan,Georgia,5
804,17,Jan,Illinois,1
805,17,Jan,Louisiana,1
806,17,Jan,Michigan,1
807,17,Jan,Minnesota,0
808,17,Jan,Mississippi,2
809,17,Jan,Missouri,3
810,17,Jan,New Jersey,1
811,17,Jan,Tennessee,2
812,17,Jan,Texas,4
813,17,Jan,Washington,4
814,17,Jul,Alabama,3
815,17,Jul,Arizona,0
816,17,Jul,Arkansas,0
817,17,Jul,California,1
818,17,Jul,Delaware,0
819,17,Jul,Florida,1
820,17,Jul,Georgia,0
821,17,Jul,Illinois,4
822,17,Jul,Louisiana,0
823,17,Jul,Maine,4
824,17,Jul,Michigan,1
825,17,Jul,Mississippi,0
826,17,Jul,New Jersey,3
827,17,Jul,New York,1
828,17,Jul,North Carolina,4
829,17,Jul,Ohio,1
830,17,Jul,Pennsylvania,1
831,17,Jul,South Carolina,0
832,17,Jul,Texas,1
833,17,Jul,Virginia,2
834,17,Jul,Wisconsin,0
835,17,Jun,California,5
836,17,Jun,District of Columbia,0
837,17,Jun,Florida,7
838,17,Jun,Georgia,1
839,17,Jun,Illinois,0
840,17,Jun,Louisiana,3
841,17,Jun,Maryland,2
842,17,Jun,Missouri,9
843,17,Jun,New Jersey,0
844,17,Jun,New Mexico,5
845,17,Jun,New York,2
846,17,Jun,Ohio,1
847,17,Jun,South Carolina,0
848,17,Jun,Tennessee,0
849,17,Jun,Texas,4
850,17,Jun,Utah,3
851,17,Jun,Virginia,2
852,17,Mar,California,1
853,17,Mar,Florida,2
854,17,Mar,Georgia,0
855,17,Mar,Illinois,6
856,17,Mar,Kansas,1
857,17,Mar,Kentucky,1
858,17,Mar,Louisiana,6
859,17,Mar,Michigan,4
860,17,Mar,Missouri,1
861,17,Mar,Ohio,6
862,17,Mar,Pennsylvania,0
863,17,Mar,Tennessee,1
864,17,Mar,Texas,2
865,17,Mar,Wisconsin,5
866,17,May,Alabama,0
867,17,May,Arizona,0
868,17,May,Arkansas,1
869,17,May,District of Columbia,1
870,17,May,Florida,1
871,17,May,Illinois,2
872,17,May,Iowa,1
873,17,May,Kansas,3
874,17,May,Kentucky,1
875,17,May,Michigan,1
876,17,May,Mississippi,8
877,17,May,New Jersey,2
878,17,May,New York,0
879,17,May,Ohio,1
880,17,May,Pennsylvania,0
881,17,May,South Carolina,3
882,17,May,Texas,2
883,17,Nov,California,9
884,17,Nov,Georgia,2
885,17,Nov,Indiana,0
886,17,Nov,Louisiana,2
887,17,Nov,Michigan,1
888,17,Nov,Minnesota,0
889,17,Nov,Mississippi,1
890,17,Nov,New York,0
891,17,Nov,North Carolina,1
892,17,Nov,Ohio,1
893,17,Nov,Pennsylvania,0
894,17,Nov,Texas,28
895,17,Oct,Alabama,2
896,17,Oct,Arizona,5
897,17,Oct,California,4
898,17,Oct,Connecticut,0
899,17,Oct,Florida,0
900,17,Oct,Illinois,0
901,17,Oct,Kansas,3
902,17,Oct,Kentucky,0
903,17,Oct,Maryland,3
904,17,Oct,Mississippi,1
905,17,Oct,Nevada,59
906,17,Oct,New York,0
907,17,Oct,Ohio,4
908,17,Oct,Pennsylvania,0
909,17,Oct,Tennessee,0
910,17,Oct,Texas,3
911,17,Oct,Virginia,1
912,17,Sep,Alabama,0
913,17,Sep,California,3
914,17,Sep,Connecticut,2
915,17,Sep,Illinois,1
916,17,Sep,Indiana,0
917,17,Sep,Kentucky,0
918,17,Sep,Louisiana,2
919,17,Sep,Maryland,2
920,17,Sep,Michigan,1
921,17,Sep,New Jersey,1
922,17,Sep,New York,0
923,17,Sep,Pennsylvania,1
924,17,Sep,South Carolina,0
925,17,Sep,Tennessee,3
926,17,Sep,Texas,9
927,17,Sep,Virginia,1
928,17,Sep,Washington,1
929,18,Apr,Alabama,1
930,18,Apr,Arkansas,0
931,18,Apr,California,1
932,18,Apr,District of Columbia,0
933,18,Apr,Florida,3
934,18,Apr,Louisiana,3
935,18,Apr,Michigan,0
936,18,Apr,Missouri,3
937,18,Apr,North Carolina,6
938,18,Apr,Pennsylvania,2
939,18,Apr,Tennessee,4
940,18,Apr,Texas,1
941,18,Apr,Virginia,1
942,18,Apr,Washington,2
943,18,Aug,Arkansas,1
944,18,Aug,California,5
945,18,Aug,Colorado,3
946,18,Aug,Florida,3
947,18,Aug,Illinois,3
948,18,Aug,Michigan,0
949,18,Aug,Missouri,0
950,18,Aug,Nevada,0
951,18,Aug,New Jersey,0
952,18,Aug,New York,0
953,18,Aug,Ohio,1
954,18,Aug,Pennsylvania,2
955,18,Aug,South Carolina,0
956,18,Aug,Tennessee,2
957,18,Aug,Texas,1
958,18,Aug,Virginia,0
959,18,Aug,Wisconsin,0
960,18,Feb,Colorado,2
961,18,Feb,Connecticut,0
962,18,Feb,Florida,21
963,18,Feb,Kansas,1
964,18,Feb,Kentucky,5
965,18,Feb,Louisiana,3
966,18,Feb,Michigan,9
967,18,Feb,Ohio,1
968,18,Feb,Oklahoma,1
969,18,Feb,Tennessee,0
970,18,Feb,Texas,0
971,18,Jan,Alabama,3
972,18,Jan,Arkansas,1
973,18,Jan,California,0
974,18,Jan,District of Columbia,1
975,18,Jan,Florida,0
976,18,Jan,Illinois,0
977,18,Jan,Indiana,2
978,18,Jan,Kentucky,2
979,18,Jan,Mississippi,0
980,18,Jan,Missouri,2
981,18,Jan,Pennsylvania,9
982,18,Jan,Tennessee,3
983,18,Jul,Alabama,3
984,18,Jul,Arizona,1
985,18,Jul,California,9
986,18,Jul,Colorado,0
987,18,Jul,Delaware,5
988,18,Jul,District of Columbia,1
989,18,Jul,Florida,3
990,18,Jul,Georgia,1
991,18,Jul,Illinois,2
992,18,Jul,Indiana,1
993,18,Jul,Louisiana,3
994,18,Jul,Maryland,0
995,18,Jul,Michigan,0
996,18,Jul,Missouri,1
997,18,Jul,New Jersey,0
998,18,Jul,New York,2
999,18,Jul,Ohio,2
1000,18,Jul,Oklahoma,0
1001,18,Jul,Pennsylvania,1
1002,18,Jul,Tennessee,0
1003,18,Jul,Texas,5
1004,18,Jul,Virginia,1
1005,18,Jul,Washington,1
1006,18,Jun,Alabama,0
1007,18,Jun,California,3
1008,18,Jun,Colorado,1
1009,18,Jun,Connecticut,0
1010,18,Jun,Florida,10
1011,18,Jun,Georgia,2
1012,18,Jun,Illinois,10
1013,18,Jun,Indiana,2
1014,18,Jun,Kansas,0
1015,18,Jun,Louisiana,0
1016,18,Jun,Maryland,5
1017,18,Jun,Massachusetts,0
1018,18,Jun,Nebraska,1
1019,18,Jun,New Jersey,1
1020,18,Jun,New York,1
1021,18,Jun,North Carolina,1
1022,18,Jun,Ohio,0
1023,18,Jun,Pennsylvania,2
1024,18,Jun,Tennessee,0
1025,18,Jun,Texas,0
1026,18,Mar,Alabama,2
1027,18,Mar,California,1
1028,18,Mar,Florida,0
1029,18,Mar,Illinois,2
1030,18,Mar,Indiana,0
1031,18,Mar,Kentucky,0
1032,18,Mar,Michigan,0
1033,18,Mar,New Jersey,0
1034,18,Mar,New York,1
1035,18,Mar,North Carolina,3
1036,18,Mar,Texas,1
1037,18,Mar,Utah,0
1038,18,May,California,5
1039,18,May,Colorado,1
1040,18,May,Georgia,0
1041,18,May,Illinois,1
1042,18,May,Indiana,0
1043,18,May,Louisiana,0
1044,18,May,Maryland,0
1045,18,May,Minnesota,0
1046,18,May,Mississippi,1
1047,18,May,Missouri,0
1048,18,May,Nebraska,0
1049,18,May,New Jersey,0
1050,18,May,New York,1
1051,18,May,North Carolina,0
1052,18,May,Ohio,0
1053,18,May,Oklahoma,1
1054,18,May,South Carolina,3
1055,18,May,Tennessee,2
1056,18,May,Texas,15
1057,18,Nov,Arizona,2
1058,18,Nov,California,13
1059,18,Nov,Florida,3
1060,18,Nov,Indiana,2
1061,18,Nov,Minnesota,0
1062,18,Nov,Missouri,2
1063,18,Nov,New Mexico,4
1064,18,Nov,New York,0
1065,18,Nov,North Carolina,3
1066,18,Oct,Alabama,0
1067,18,Oct,Arkansas,2
1068,18,Oct,California,4
1069,18,Oct,Florida,1
1070,18,Oct,Georgia,0
1071,18,Oct,Illinois,2
1072,18,Oct,Michigan,1
1073,18,Oct,Missouri,0
1074,18,Oct,Nevada,3
1075,18,Oct,New Jersey,1
1076,18,Oct,New Mexico,1
1077,18,Oct,Oklahoma,0
1078,18,Oct,Pennsylvania,12
1079,18,Oct,South Carolina,2
1080,18,Oct,Tennessee,5
1081,18,Oct,Texas,5
1082,18,Oct,Washington,1
1083,18,Sep,Alabama,1
1084,18,Sep,Arkansas,0
1085,18,Sep,California,8
1086,18,Sep,District of Columbia,0
1087,18,Sep,Florida,2
1088,18,Sep,Georgia,0
1089,18,Sep,Illinois,1
1090,18,Sep,Louisiana,0
1091,18,Sep,Maryland,8
1092,18,Sep,Minnesota,1
1093,18,Sep,New Jersey,2
1094,18,Sep,New York,0
1095,18,Sep,Ohio,5
1096,18,Sep,Pennsylvania,3
1097,18,Sep,Tennessee,3
1098,18,Sep,Texas,0
1099,18,Sep,Wisconsin,1
